id,x,y,pred,judged
0,7241,4695,C,C
1,7797,8213,G,0
2,3259,3813,H,H
3,8755,7505,E,H
4,10163,6365,J,J
5,9799,6749,A,A
6,4521,5165,C,F
7,11007,1217,I,0
8,5657,4215,I,H
9,9833,8541,D,0
10,8813,5777,B,B
11,9233,7279,A,A
12,8603,7519,E,H
13,4837,7331,D,0
14,7769,8235,G,0
15,3755,5121,B,H
16,5745,3937,F,H
17,9591,5243,J,J
18,2415,3025,H,H
19,4149,3375,I,I
20,2279,4841,E,E
21,7457,4687,H,I
22,2463,935,B,0
23,49,8705,G,0
24,7465,4095,J,J
25,6111,2879,D,D
26,7807,8285,G,0
27,5561,3827,I,I
28,1925,4619,A,A
29,7113,6083,H,E
30,2797,4609,B,B
31,6863,4263,H,I
32,9145,6337,H,I
33,10175,8263,F,0
34,6687,4647,C,B
35,10167,41,I,0
36,4291,4889,F,F
37,5287,4309,I,H
38,2765,4793,E,E
39,5339,2871,C,C
40,7379,8173,J,0
41,3099,7123,E,F
42,7971,3727,J,J
43,8657,6921,A,A
44,5289,3593,D,I
45,3717,2745,B,J
46,7783,8219,G,0
47,9271,5805,I,I
48,7603,5001,H,H
49,7771,8293,G,0
50,8407,6143,E,A
51,3277,6633,D,D
52,9869,5669,J,J
53,5881,6271,A,A
54,4167,4859,F,F
55,2729,4943,G,G
56,2263,6849,D,A
57,1593,4537,A,A
58,6155,2993,E,H
59,6927,7237,H,H
60,7877,8209,G,0
61,4671,5139,F,E
62,8181,6195,A,A
63,3943,5591,F,F
64,1151,5837,E,B
65,47,5655,D,0
66,9711,6689,A,A
67,4105,4333,C,H
68,4273,3057,C,I
69,5483,4395,I,C
70,1795,2767,J,J
71,3831,349,B,B
72,2701,8615,F,0
73,4283,759,B,B
74,3157,6849,D,D
75,10049,8163,F,0
76,8211,4693,J,B
77,7227,3193,B,B
78,3311,7075,C,H
79,2433,4903,C,C
