id,x,y,pred
0,7241,4695,C
1,7797,8213,G
2,3259,3813,H
3,8755,7505,E
4,10163,6365,J
5,9799,6749,A
6,4521,5165,C
7,11007,1217,I
8,5657,4215,I
9,9833,8541,D
10,8813,5777,B
11,9233,7279,A
12,8603,7519,E
13,4837,7331,D
14,7769,8235,G
15,3755,5121,B
16,5745,3937,F
17,9591,5243,J
18,2415,3025,H
19,4149,3375,I
20,2279,4841,E
21,7457,4687,H
22,2463,935,B
23,49,8705,G
24,7465,4095,J
25,6111,2879,D
26,7807,8285,G
27,5561,3827,I
28,1925,4619,A
29,7113,6083,H
30,2797,4609,B
31,6863,4263,H
32,9145,6337,H
33,10175,8263,F
34,6687,4647,C
35,10167,41,I
36,4291,4889,F
37,5287,4309,I
38,2765,4793,E
39,5339,2871,C
40,7379,8173,J
41,3099,7123,E
42,7971,3727,J
43,8657,6921,A
44,5289,3593,D
45,3717,2745,B
46,7783,8219,G
47,9271,5805,I
48,7603,5001,H
49,7771,8293,G
50,8407,6143,E
51,3277,6633,D
52,9869,5669,J
53,5881,6271,A
54,4167,4859,F
55,2729,4943,G
56,2263,6849,D
57,1593,4537,A
58,6155,2993,E
59,6927,7237,H
60,7877,8209,G
61,4671,5139,F
62,8181,6195,A
63,3943,5591,F
64,1151,5837,E
65,47,5655,D
66,9711,6689,A
67,4105,4333,C
68,4273,3057,C
69,5483,4395,I
70,1795,2767,J
71,3831,349,B
72,2701,8615,F
73,4283,759,B
74,3157,6849,D
75,10049,8163,F
76,8211,4693,J
77,7227,3193,B
78,3311,7075,C
79,2433,4903,C
