id,x,y,stratum,pred,ref,x2278,y2278,lu2026
0,4383,5415,C,E,H,3118412.3,13831447.0,Industrial
1,4801,5363,R,C,E,3121040.0,13831870.3,Single-Family Residential
2,3035,2685,C,F,J,3109277.0,13848451.3,Park & Open Spaces
3,7141,4771,R,C,C,3135776.8,13836050.8,Single-Family Residential
4,2281,7123,R,A,A,3105667.0,13819988.3,Single-Family Residential
5,5935,4719,I,H,I,3128092.5,13836187.6,NO_PARCEL
6,7373,4937,I,H,H,3137283.9,13835029.4,NO_PARCEL
7,4851,3777,C,F,F,3121023.8,13841955.8,Office
8,2771,1525,R,B,D,3107352.3,13855712.4,Single-Family Residential
9,4939,6243,R,A,A,3122108.4,13826291.6,NO_PARCEL
10,2845,7107,C,F,J,3109183.5,13820253.0,NO_PARCEL
11,3251,1127,C,E,D,3110323.9,13858342.5,Unknown
12,9475,5565,I,J,J,3150812.2,13831265.2,Transportation & Utility
13,9841,5207,I,J,J,3153112.7,13833563.2,NO_PARCEL
14,6121,2611,C,E,D,3128906.6,13849568.2,Undeveloped
15,9511,5219,I,J,J,3150997.1,13833464.3,Transportation & Utility
16,1251,2089,C,F,0,3097857.1,13851719.1,NO_PARCEL
17,5745,2553,I,H,B,3126493.3,13849870.5,NO_PARCEL
18,3035,3621,R,B,B,3109488.5,13842521.3,Public & Institutional
19,3855,2699,R,B,B,3114481.0,13848562.9,Undeveloped
20,7719,5329,C,F,J,3139555.1,13832585.4,Commercial
21,1425,3663,R,A,A,3099353.4,13841797.5,Park & Open Spaces
22,8123,8101,C,E,J,3142616.3,13814960.9,Single-Family Residential
23,6849,3673,I,J,J,3133731.9,13842967.7,Industrial
24,7357,2173,I,H,0,3136767.1,13852510.5,NO_PARCEL
25,5869,4501,I,H,H,3127631.7,13837559.8,Multi-Family Residential
26,7185,4369,I,H,H,3135990.7,13838607.0,NO_PARCEL
27,2709,4691,R,B,B,3107691.6,13835636.5,Single-Family Residential
28,3281,343,R,B,B,3110364.6,13863284.0,Single-Family Residential
29,10733,6333,I,J,J,3158974.6,13826458.9,Industrial
30,6811,2433,R,C,C,3133298.0,13850797.7,NO_PARCEL
31,4077,2581,R,B,B,3115867.7,13849359.8,Single-Family Residential
32,10019,6423,I,J,J,3154411.3,13825848.7,Transportation & Utility
33,9573,4895,I,J,J,3151353.5,13835523.6,Undeveloped
34,2781,4219,I,J,D,3108028.2,13838657.3,Commercial
35,10205,5483,I,J,J,3155483.3,13831833.5,Undeveloped
36,6207,4281,I,H,I,3129741.0,13839014.4,NO_PARCEL
37,8113,7363,C,E,H,3142414.8,13819677.7,Commercial
38,4723,4325,C,F,F,3120323.8,13838452.5,NO_PARCEL
39,3123,7311,C,E,0,3110977.3,13819023.2,NO_PARCEL
40,4513,4523,C,F,F,3119035.9,13837149.7,NO_PARCEL
41,8685,7505,C,E,E,3146072.0,13818836.8,Commercial
42,7295,4999,I,H,H,3136797.0,13834625.1,Industrial
43,3527,6555,R,A,A,3113304.9,13823967.0,Industrial
44,6327,5521,I,H,H,3130735.5,13831157.8,Industrial
45,7305,6669,C,E,B,3137159.7,13823998.5,Park & Open Spaces
46,3089,2393,R,B,B,3109555.6,13850312.0,NO_PARCEL
47,5327,4531,I,H,H,3124195.7,13837267.8,NO_PARCEL
48,3987,4669,C,E,D,3115742.4,13836102.1,Single-Family Residential
49,1527,4177,R,A,A,3100130.2,13838562.6,Single-Family Residential
50,7775,3521,I,J,J,3139635.6,13844052.3,Industrial
51,5097,4073,I,I,H,3122644.7,13840128.9,Office
52,7511,4841,R,B,B,3138148.3,13835657.3,NO_PARCEL
53,6857,4101,I,H,H,3133853.0,13840258.4,Industrial
54,3811,369,R,B,B,3113755.2,13863243.5,Single-Family Residential
55,8007,6163,R,A,A,3141529.5,13827316.8,Undeveloped
56,9551,7435,R,A,A,3151570.6,13819365.5,NO_PARCEL
57,8465,8065,C,E,E,3144776.2,13815232.7,Industrial
58,3583,4711,C,E,D,3113202.1,13835737.3,Commercial
59,8527,8015,C,E,E,3145160.1,13815559.7,Industrial
60,8917,5871,R,B,B,3147286.2,13829273.1,Single-Family Residential
61,4415,5013,C,E,H,3118523.5,13834012.9,NO_PARCEL
62,7583,5773,C,E,E,3138763.8,13829744.7,Commercial
63,4409,1307,R,B,B,3117743.0,13857471.4,Commercial
64,8391,6371,R,A,A,3144009.5,13826037.2,Multi-Family Residential
65,7499,6751,C,E,H,3138405.9,13823503.0,NO_PARCEL
66,6463,6299,I,J,J,3131751.0,13826225.8,NO_PARCEL
67,3221,3005,I,J,J,3110525.6,13846473.0,Commercial
68,5079,1907,R,B,A,3122128.1,13853824.7,Industrial
69,6423,6253,I,J,J,3131488.4,13826512.2,NO_PARCEL
70,8209,7623,C,E,A,3143071.5,13818028.4,Transportation & Utility
71,2799,1115,R,B,D,3107444.9,13858304.9,NO_PARCEL
72,8287,7461,R,C,H,3143536.8,13819072.8,NO_PARCEL
73,8887,4715,I,J,J,3146929.5,13836609.4,Industrial
74,3083,6965,C,F,E,3110632.5,13821227.6,Commercial
75,7375,6553,C,E,H,3137582.1,13824748.3,Commercial
76,1305,4411,R,A,A,3098800.7,13837005.2,NO_PARCEL
77,4565,2921,I,H,D,3119037.6,13847316.3,Commercial
78,1357,3491,R,A,A,3098880.9,13842868.6,Park & Open Spaces
79,6469,2671,I,H,H,3131142.8,13849244.8,Public & Institutional
80,3737,2457,R,B,B,3113682.0,13850065.5,NO_PARCEL
81,4619,2685,C,E,E,3119335.8,13848820.0,Commercial
82,2809,4883,R,B,B,3108368.9,13834441.8,Single-Family Residential
83,5437,7513,R,B,B,3125538.8,13818280.2,Single-Family Residential
84,6237,3175,R,C,C,3129740.5,13846023.4,Transportation & Utility
85,1997,3741,R,A,A,3102971.6,13841473.6,Single-Family Residential
86,4687,5935,R,B,B,3120448.9,13828201.4,Multi-Family Residential
87,3249,5047,R,C,C,3111178.2,13833514.6,Single-Family Residential
88,7761,4453,I,J,J,3139683.7,13838150.1,Undeveloped
89,2603,1315,R,B,B,3106240.8,13856993.0,Industrial
90,3165,3189,I,J,E,3110212.1,13845293.4,Multi-Family Residential
91,2147,4801,C,E,D,3104187.9,13834777.6,NO_PARCEL
92,3127,2069,R,B,C,3109727.6,13852369.1,Single-Family Residential
93,7149,2491,R,B,B,3135474.7,13850478.5,Transportation & Utility
94,3471,831,R,B,B,3111668.8,13860259.3,NO_PARCEL
95,4925,5559,R,B,B,3121866.6,13830648.7,NO_PARCEL
96,4031,6715,R,A,A,3116508.5,13823070.2,Multi-Family Residential
97,8461,8051,C,E,E,3144748.3,13815321.8,NO_PARCEL
98,3755,1301,C,E,D,3113568.8,13857365.4,Single-Family Residential
99,8201,6989,C,E,H,3142906.4,13822075.8,Commercial
100,6949,5577,C,E,E,3134696.3,13830901.3,NO_PARCEL
101,4269,4733,C,E,F,3117538.6,13835760.6,Commercial
102,8651,4171,I,J,J,3145343.0,13840033.6,Transportation & Utility
103,1447,3543,R,A,A,3099460.4,13842566.2,Park & Open Spaces
104,8625,8107,R,A,A,3145798.3,13814982.2,Single-Family Residential
105,3781,1265,C,E,E,3113727.7,13857598.2,NO_PARCEL
106,6871,4861,R,C,C,3134072.0,13835439.9,Multi-Family Residential
107,4349,873,R,B,B,3117283.4,13860190.9,Single-Family Residential
108,1049,5943,C,E,E,3097637.6,13827153.4,Commercial
109,8697,4889,I,H,H,3145736.4,13835488.3,Undeveloped
110,4839,5189,C,F,H,3121242.2,13832985.8,Single-Family Residential
111,3587,3815,I,H,H,3113021.9,13841429.8,Commercial
112,5963,2333,R,B,H,3127851.0,13851296.7,Single-Family Residential
113,4015,5217,C,F,E,3116045.2,13832622.4,NO_PARCEL
114,5409,2919,R,C,F,3124412.0,13847497.2,Single-Family Residential
115,10251,6019,R,B,B,3155844.5,13828431.7,Industrial
116,9465,5837,I,J,J,3150785.4,13829536.3,Industrial
117,8157,7489,C,E,E,3142717.0,13818878.2,Industrial
118,4051,1683,R,B,B,3115527.8,13855024.1,Single-Family Residential
119,4291,5461,C,F,H,3117842.4,13831133.0,NO_PARCEL
120,6729,5295,C,E,E,3133246.2,13832660.7,NO_PARCEL
121,7963,6421,R,A,A,3141293.9,13825668.1,Undeveloped
122,6317,1787,R,B,B,3130034.6,13854796.4,NO_PARCEL
123,3069,4417,R,B,B,3109891.2,13837475.5,Single-Family Residential
124,8015,3271,R,A,A,3141140.8,13845660.0,Single-Family Residential
125,2811,4779,C,E,B,3108355.4,13835104.3,NO_PARCEL
126,5937,3433,C,F,J,3127869.9,13844340.8,Public & Institutional
127,5603,4701,I,H,H,3125980.9,13836241.1,Multi-Family Residential
128,4573,2167,C,E,E,3118945.5,13852082.7,Commercial
129,6061,3127,C,E,B,3128608.4,13846297.7,Transportation & Utility
130,4771,4087,C,G,G,3120578.9,13839973.2,Commercial
131,9643,7249,R,A,A,3152128.3,13820559.6,Single-Family Residential
132,3109,2741,R,C,H,3109758.1,13848115.8,NO_PARCEL
133,4783,5131,C,F,H,3120875.5,13833342.9,NO_PARCEL
134,5171,4819,C,E,F,3123265.2,13835407.4,Undeveloped
135,7329,3439,I,J,J,3136766.1,13844515.0,Industrial
136,2351,6241,C,E,E,3105854.8,13825651.8,Commercial
137,9123,5071,I,J,J,3148490.3,13834372.5,Undeveloped
138,3851,1253,R,B,B,3114171.8,13857689.7,Single-Family Residential
139,7195,4149,I,J,J,3136019.0,13840002.7,Industrial
140,9069,4017,R,B,0,3148007.1,13841045.3,NO_PARCEL
141,7589,4373,I,J,J,3138571.8,13838635.7,Industrial
142,8965,7975,R,A,A,3147932.4,13815862.6,Single-Family Residential
143,2599,5311,C,E,E,3107159.0,13831657.8,Commercial
144,7473,3971,I,J,J,3137768.1,13841167.4,Industrial
145,3407,1669,R,B,B,3111424.6,13854963.2,Single-Family Residential
146,2787,2929,I,J,D,3107761.8,13846842.1,Single-Family Residential
147,2997,6953,C,F,E,3110091.3,13821280.9,Industrial
148,3501,355,C,E,B,3111771.7,13863260.6,Undeveloped
149,6635,2901,C,E,B,3132241.2,13847817.5,Multi-Family Residential
150,7363,6405,C,E,E,3137478.4,13825690.0,Commercial
151,7065,3827,C,F,J,3135136.9,13842024.0,Industrial
152,4653,7085,C,E,A,3120507.0,13820850.1,Industrial
153,4839,4311,C,F,F,3121056.1,13838565.9,NO_PARCEL
154,2129,2319,I,J,J,3103459.4,13850522.9,Park & Open Spaces
155,4037,7017,I,H,H,3116622.5,13821140.6,Commercial
156,8917,6107,I,H,H,3147321.8,13827772.1,NO_PARCEL
157,3171,2055,C,E,C,3110004.0,13852468.5,Single-Family Residential
158,3907,5471,C,F,C,3115424.3,13830978.8,NO_PARCEL
159,4241,1963,R,A,B,3116791.5,13853299.5,Public & Institutional
160,10549,6233,I,J,J,3157782.2,13827086.6,Industrial
161,6613,4261,I,H,H,3132323.8,13839207.1,NO_PARCEL
162,9951,5391,I,J,J,3153841.6,13832402.6,Undeveloped
163,6409,4127,I,H,H,3131000.3,13840024.2,Single-Family Residential
164,2943,5615,R,A,A,3109397.4,13829814.2,Single-Family Residential
165,2373,6219,C,E,E,3105986.3,13825798.8,Commercial
166,3119,6943,C,F,E,3110851.7,13821378.1,Commercial
167,5835,2119,I,J,J,3126997.5,13852625.0,Industrial
168,6731,5001,R,C,C,3133205.6,13834529.3,Undeveloped
169,2815,7049,C,F,E,3108979.9,13820616.0,Undeveloped
170,7555,7125,R,A,A,3138831.5,13821124.0,Multi-Family Residential
171,6645,6555,I,H,H,3132954.8,13824623.5,NO_PARCEL
172,4563,7341,I,J,0,3120004.9,13819191.8,Single-Family Residential
173,3855,3239,I,H,H,3114593.6,13845145.2,Undeveloped
174,7057,7365,I,H,0,3135725.3,13819517.6,Industrial
175,2733,4819,C,E,E,3107874.8,13834828.5,Undeveloped
176,4157,5973,C,F,H,3117118.5,13827838.2,Single-Family Residential
177,10321,6441,I,J,J,3156347.2,13825752.0,Transportation & Utility
178,4933,6453,R,A,A,3122118.8,13824950.0,Single-Family Residential
179,9317,7595,R,A,A,3150106.1,13818324.1,NO_PARCEL
180,2163,2147,I,J,J,3103634.7,13851620.1,NO_PARCEL
181,8679,8493,R,A,A,3146211.7,13812517.7,Commercial
182,2535,4359,R,A,A,3106513.5,13837700.1,NO_PARCEL
183,8627,4513,I,J,J,3145235.5,13837865.2,Industrial
184,3251,1073,C,E,D,3110313.2,13858682.7,Office
185,8653,5113,I,H,H,3145486.9,13834062.8,NO_PARCEL
186,3195,3831,I,H,H,3110547.9,13841230.1,NO_PARCEL
187,6325,6635,R,A,A,3130946.1,13824059.0,Public & Institutional
188,6929,4783,C,E,C,3134427.8,13835943.8,NO_PARCEL
189,2107,5429,I,H,H,3104104.7,13830764.2,Commercial
190,6219,6789,R,A,A,3130308.1,13823057.4,NO_PARCEL
191,4335,5661,C,E,C,3118166.2,13829868.9,NO_PARCEL
192,3871,3347,I,H,H,3114717.9,13844464.8,Park & Open Spaces
193,4401,3285,I,I,I,3118067.6,13844977.3,Industrial
194,7675,4061,I,J,J,3139074.1,13840623.1,Multi-Family Residential
195,9279,7887,C,E,D,3149912.6,13816455.2,Single-Family Residential
196,4493,4329,C,F,F,3118867.7,13838377.5,Industrial
197,10027,5437,I,J,J,3154335.0,13832115.3,Undeveloped
198,2995,7107,C,F,E,3110121.0,13820294.6,Undeveloped
199,4809,3119,I,H,D,3120627.9,13846114.5,Undeveloped
200,4233,5061,C,F,F,3117384.9,13833666.2,Commercial
201,2927,1895,R,B,B,3108421.2,13853417.3,Single-Family Residential
202,4667,4887,I,I,H,3120088.9,13834869.8,Single-Family Residential
203,6063,3063,C,E,D,3128610.4,13846702.7,Industrial
204,4631,5293,C,F,C,3119950.5,13832279.1,NO_PARCEL
205,8657,6911,R,A,A,3145792.8,13822624.7,Single-Family Residential
206,3093,2655,I,J,J,3109637.9,13848655.9,Park & Open Spaces
207,8871,6791,R,A,A,3147135.7,13823411.7,NO_PARCEL
208,4125,6961,R,A,A,3117160.5,13821520.1,Undeveloped
209,4831,2767,R,B,B,3120701.1,13848345.4,Undeveloped
210,4451,3317,I,I,I,3118391.6,13844785.6,Single-Family Residential
211,2189,5029,C,E,E,3104511.6,13833337.8,Undeveloped
212,3667,4175,C,E,D,3113608.7,13839164.2,NO_PARCEL
213,7723,8313,C,G,0,3140127.6,13813550.6,NO_PARCEL
214,8035,5007,R,C,C,3141520.2,13834668.9,Single-Family Residential
215,2333,3325,R,B,B,3104986.5,13844209.2,Single-Family Residential
216,4749,4819,C,F,F,3120593.0,13835319.8,NO_PARCEL
217,1723,4859,R,B,A,3101543.3,13834282.2,Public & Institutional
218,5595,1521,R,B,B,3125365.4,13856352.3,Transportation & Utility
219,3719,4383,R,C,D,3113984.6,13837855.6,Single-Family Residential
220,6261,5091,C,E,H,3130234.2,13833881.0,Industrial
221,5839,3369,I,H,H,3127233.7,13844728.7,Undeveloped
222,8737,4015,I,J,J,3145874.3,13841029.0,Transportation & Utility
223,6405,7367,C,E,0,3131606.0,13819397.3,NO_PARCEL
224,8701,4207,I,J,J,3145668.5,13839810.4,Transportation & Utility
225,8353,3017,R,B,B,3143279.8,13847299.6,NO_PARCEL
226,3197,4177,C,E,D,3110641.3,13839033.8,Commercial
227,4093,1415,C,E,D,3115745.5,13856723.0,Undeveloped
228,6661,4205,I,H,H,3132620.2,13839569.6,Single-Family Residential
229,8519,3645,I,J,J,3144426.5,13843348.7,NO_PARCEL
230,6819,5061,C,F,B,3133776.3,13834161.8,Single-Family Residential
231,5961,6081,R,C,C,3128528.5,13827527.2,Public & Institutional
232,6327,7337,C,E,0,3131107.2,13819575.4,NO_PARCEL
233,9303,6261,I,I,I,3149810.1,13826826.7,Office
234,4745,4693,C,E,F,3120540.8,13836119.8,Industrial
235,5547,6925,R,A,A,3126096.3,13822062.4,NO_PARCEL
236,7719,6843,C,E,H,3139819.1,13822946.2,NO_PARCEL
237,1889,4639,R,A,A,3102525.5,13835732.9,Single-Family Residential
238,7757,4199,I,J,J,3139619.5,13839759.2,Industrial
239,7081,3271,R,B,B,3135152.9,13845543.7,Single-Family Residential
240,1445,2569,I,I,J,3099199.8,13848740.8,NO_PARCEL
241,6293,6293,I,J,J,3130673.3,13826234.9,Public & Institutional
242,5573,7669,R,B,0,3126430.9,13817309.2,Commercial
243,5653,1915,I,H,H,3125799.8,13853879.9,Industrial
244,5249,3627,I,I,I,3123523.8,13842986.1,NO_PARCEL
245,8281,4185,I,H,H,3142972.5,13839907.7,NO_PARCEL
246,2367,5783,I,H,C,3105829.6,13828581.4,Single-Family Residential
247,1957,6895,R,C,C,3103580.2,13821351.1,Multi-Family Residential
248,5771,4735,I,H,C,3127054.0,13836056.3,NO_PARCEL
249,8693,7535,C,E,E,3146128.1,13818646.1,Single-Family Residential
250,1981,4201,R,A,A,3102988.6,13838546.4,Park & Open Spaces
251,5925,3385,C,F,H,3127784.9,13844642.5,NO_PARCEL
252,6321,6171,I,J,J,3130825.9,13827017.5,Undeveloped
253,1793,2141,I,J,J,3101293.2,13851552.4,Commercial
254,3743,2529,C,E,E,3113734.9,13849611.8,Single-Family Residential
255,1575,3123,R,A,A,3100158.1,13845269.8,Park & Open Spaces
256,9757,5689,I,J,J,3152635.5,13830498.0,Undeveloped
257,7957,4847,C,E,H,3140997.1,13835675.1,Commercial
258,8259,6933,C,E,C,3143265.2,13822439.9,Commercial
259,3645,3945,I,H,C,3113417.8,13840619.0,NO_PARCEL
260,2389,6315,C,E,E,3106113.0,13825189.9,Commercial
261,10701,6059,I,J,J,3158736.5,13828199.3,Industrial
262,4507,5567,C,F,H,3119229.4,13830506.8,Undeveloped
263,1525,2143,I,J,J,3099600.3,13851460.6,Industrial
264,5351,4081,I,I,H,3124259.5,13840128.2,Undeveloped
265,8561,2739,R,B,B,3144584.8,13849073.7,NO_PARCEL
266,5059,3663,I,I,H,3122322.7,13842720.5,Undeveloped
267,3477,3981,I,H,D,3112364.0,13840349.2,Single-Family Residential
268,3187,4275,R,B,B,3110601.3,13838408.7,Industrial
269,2005,4445,R,A,A,3103202.8,13837001.7,Single-Family Residential
