id,x,y,stratum,pred
0,4383,5415,C,E
1,4801,5363,R,C
2,3035,2685,C,F
3,7141,4771,R,C
4,2281,7123,R,A
5,5935,4719,I,H
6,7373,4937,I,H
7,4851,3777,C,F
8,2771,1525,R,B
9,4939,6243,R,A
10,2845,7107,C,F
11,3251,1127,C,E
12,9475,5565,I,J
13,9841,5207,I,J
14,6121,2611,C,E
15,9511,5219,I,J
16,1251,2089,C,F
17,5745,2553,I,H
18,3035,3621,R,B
19,3855,2699,R,B
20,7719,5329,C,F
21,1425,3663,R,A
22,8123,8101,C,E
23,6849,3673,I,J
24,7357,2173,I,H
25,5869,4501,I,H
26,7185,4369,I,H
27,2709,4691,R,B
28,3281,343,R,B
29,10733,6333,I,J
30,6811,2433,R,C
31,4077,2581,R,B
32,10019,6423,I,J
33,9573,4895,I,J
34,2781,4219,I,J
35,10205,5483,I,J
36,6207,4281,I,H
37,8113,7363,C,E
38,4723,4325,C,F
39,3123,7311,C,E
40,4513,4523,C,F
41,8685,7505,C,E
42,7295,4999,I,H
43,3527,6555,R,A
44,6327,5521,I,H
45,7305,6669,C,E
46,3089,2393,R,B
47,5327,4531,I,H
48,3987,4669,C,E
49,1527,4177,R,A
50,7775,3521,I,J
51,5097,4073,I,I
52,7511,4841,R,B
53,6857,4101,I,H
54,3811,369,R,B
55,8007,6163,R,A
56,9551,7435,R,A
57,8465,8065,C,E
58,3583,4711,C,E
59,8527,8015,C,E
60,8917,5871,R,B
61,4415,5013,C,E
62,7583,5773,C,E
63,4409,1307,R,B
64,8391,6371,R,A
65,7499,6751,C,E
66,6463,6299,I,J
67,3221,3005,I,J
68,5079,1907,R,B
69,6423,6253,I,J
70,8209,7623,C,E
71,2799,1115,R,B
72,8287,7461,R,C
73,8887,4715,I,J
74,3083,6965,C,F
75,7375,6553,C,E
76,1305,4411,R,A
77,4565,2921,I,H
78,1357,3491,R,A
79,6469,2671,I,H
80,3737,2457,R,B
81,4619,2685,C,E
82,2809,4883,R,B
83,5437,7513,R,B
84,6237,3175,R,C
85,1997,3741,R,A
86,4687,5935,R,B
87,3249,5047,R,C
88,7761,4453,I,J
89,2603,1315,R,B
90,3165,3189,I,J
91,2147,4801,C,E
92,3127,2069,R,B
93,7149,2491,R,B
94,3471,831,R,B
95,4925,5559,R,B
96,4031,6715,R,A
97,8461,8051,C,E
98,3755,1301,C,E
99,8201,6989,C,E
100,6949,5577,C,E
101,4269,4733,C,E
102,8651,4171,I,J
103,1447,3543,R,A
104,8625,8107,R,A
105,3781,1265,C,E
106,6871,4861,R,C
107,4349,873,R,B
108,1049,5943,C,E
109,8697,4889,I,H
110,4839,5189,C,F
111,3587,3815,I,H
112,5963,2333,R,B
113,4015,5217,C,F
114,5409,2919,R,C
115,10251,6019,R,B
116,9465,5837,I,J
117,8157,7489,C,E
118,4051,1683,R,B
119,4291,5461,C,F
120,6729,5295,C,E
121,7963,6421,R,A
122,6317,1787,R,B
123,3069,4417,R,B
124,8015,3271,R,A
125,2811,4779,C,E
126,5937,3433,C,F
127,5603,4701,I,H
128,4573,2167,C,E
129,6061,3127,C,E
130,4771,4087,C,G
131,9643,7249,R,A
132,3109,2741,R,C
133,4783,5131,C,F
134,5171,4819,C,E
135,7329,3439,I,J
136,2351,6241,C,E
137,9123,5071,I,J
138,3851,1253,R,B
139,7195,4149,I,J
140,9069,4017,R,B
141,7589,4373,I,J
142,8965,7975,R,A
143,2599,5311,C,E
144,7473,3971,I,J
145,3407,1669,R,B
146,2787,2929,I,J
147,2997,6953,C,F
148,3501,355,C,E
149,6635,2901,C,E
150,7363,6405,C,E
151,7065,3827,C,F
152,4653,7085,C,E
153,4839,4311,C,F
154,2129,2319,I,J
155,4037,7017,I,H
156,8917,6107,I,H
157,3171,2055,C,E
158,3907,5471,C,F
159,4241,1963,R,A
160,10549,6233,I,J
161,6613,4261,I,H
162,9951,5391,I,J
163,6409,4127,I,H
164,2943,5615,R,A
165,2373,6219,C,E
166,3119,6943,C,F
167,5835,2119,I,J
168,6731,5001,R,C
169,2815,7049,C,F
170,7555,7125,R,A
171,6645,6555,I,H
172,4563,7341,I,J
173,3855,3239,I,H
174,7057,7365,I,H
175,2733,4819,C,E
176,4157,5973,C,F
177,10321,6441,I,J
178,4933,6453,R,A
179,9317,7595,R,A
180,2163,2147,I,J
181,8679,8493,R,A
182,2535,4359,R,A
183,8627,4513,I,J
184,3251,1073,C,E
185,8653,5113,I,H
186,3195,3831,I,H
187,6325,6635,R,A
188,6929,4783,C,E
189,2107,5429,I,H
190,6219,6789,R,A
191,4335,5661,C,E
192,3871,3347,I,H
193,4401,3285,I,I
194,7675,4061,I,J
195,9279,7887,C,E
196,4493,4329,C,F
197,10027,5437,I,J
198,2995,7107,C,F
199,4809,3119,I,H
200,4233,5061,C,F
201,2927,1895,R,B
202,4667,4887,I,I
203,6063,3063,C,E
204,4631,5293,C,F
205,8657,6911,R,A
206,3093,2655,I,J
207,8871,6791,R,A
208,4125,6961,R,A
209,4831,2767,R,B
210,4451,3317,I,I
211,2189,5029,C,E
212,3667,4175,C,E
213,7723,8313,C,G
214,8035,5007,R,C
215,2333,3325,R,B
216,4749,4819,C,F
217,1723,4859,R,B
218,5595,1521,R,B
219,3719,4383,R,C
220,6261,5091,C,E
221,5839,3369,I,H
222,8737,4015,I,J
223,6405,7367,C,E
224,8701,4207,I,J
225,8353,3017,R,B
226,3197,4177,C,E
227,4093,1415,C,E
228,6661,4205,I,H
229,8519,3645,I,J
230,6819,5061,C,F
231,5961,6081,R,C
232,6327,7337,C,E
233,9303,6261,I,I
234,4745,4693,C,E
235,5547,6925,R,A
236,7719,6843,C,E
237,1889,4639,R,A
238,7757,4199,I,J
239,7081,3271,R,B
240,1445,2569,I,I
241,6293,6293,I,J
242,5573,7669,R,B
243,5653,1915,I,H
244,5249,3627,I,I
245,8281,4185,I,H
246,2367,5783,I,H
247,1957,6895,R,C
248,5771,4735,I,H
249,8693,7535,C,E
250,1981,4201,R,A
251,5925,3385,C,F
252,6321,6171,I,J
253,1793,2141,I,J
254,3743,2529,C,E
255,1575,3123,R,A
256,9757,5689,I,J
257,7957,4847,C,E
258,8259,6933,C,E
259,3645,3945,I,H
260,2389,6315,C,E
261,10701,6059,I,J
262,4507,5567,C,F
263,1525,2143,I,J
264,5351,4081,I,I
265,8561,2739,R,B
266,5059,3663,I,I
267,3477,3981,I,H
268,3187,4275,R,B
269,2005,4445,R,A
