x,y,pred,judged
1480,4216,A,correct
3896,6632,A,incorrect
4664,6296,A,correct
1704,4568,A,correct
1352,2632,A,incorrect
7160,7400,A,incorrect
7912,5336,B,incorrect
6856,3224,B,correct
7032,6424,B,incorrect
3384,4424,B,incorrect
5912,4072,B,incorrect
4616,7048,B,incorrect
5288,2056,C,correct
6872,4664,C,correct
2504,5384,C,correct
6216,2568,C,correct
5416,6232,C,incorrect
6408,5032,C,correct
3704,968,D,correct
5544,2952,D,correct
5336,1672,D,correct
40,6696,D,incorrect
5720,3720,D,correct
4920,4056,D,correct
3272,712,E,correct
6024,5672,E,correct
3640,4952,E,correct
6728,5400,E,correct
5480,5816,E,correct
4152,2968,E,correct
10024,5896,F,incorrect
2952,7096,F,incorrect
7272,5272,F,incorrect
7768,4344,F,correct
6776,6920,F,correct
9352,5192,F,correct
3448,4408,G,incorrect
8888,3256,G,incorrect
8904,3128,G,incorrect
2952,2936,G,incorrect
2824,2856,G,incorrect
2728,4936,G,incorrect
5944,5016,H,correct
7064,7000,H,incorrect
5688,3288,H,incorrect
6344,4088,H,correct
2376,5400,H,incorrect
5368,4840,H,correct
4520,3864,I,correct
5688,3752,I,correct
5208,3560,I,incorrect
4392,4616,I,correct
9304,6280,I,correct
5144,3640,I,incorrect
8552,3608,J,correct
3640,3368,J,correct
8504,5368,J,incorrect
3816,3000,J,correct
5784,5624,J,correct
9880,5384,J,correct
