1947 zone,Single-Family Residential,Multi-Family Residential,Commercial,Office,Industrial,Public & Institutional,Transportation & Utility,Park & Open Spaces,Undeveloped,Agriculture Production,Unknown,No parcel (ROW/water),Total
A First Dwelling,36.3,3.2,2.4,0.5,5.3,6.4,0.8,14.4,8.6,0.1,0.1,22.0,100.0
B Second Dwelling,38.1,3.4,3.8,1.0,5.9,5.9,1.4,0.9,8.2,0.1,0.3,31.1,100.0
C First Apartment,27.4,7.6,5.4,2.1,5.3,9.6,1.3,2.7,8.1,0.1,0.2,30.0,100.0
D Second Apartment,12.3,2.6,7.1,2.0,18.4,6.2,3.7,0.6,12.6,0.1,0.9,33.7,100.0
E Local Business,14.9,7.0,21.7,3.3,7.7,4.8,0.9,0.6,7.2,0.1,0.9,31.0,100.0
F Intermediate Business,6.5,5.0,9.1,5.6,18.1,5.2,2.4,0.7,10.3,0.1,0.2,36.8,100.0
G Central Business,6.2,8.0,26.4,33.3,5.4,3.9,0.0,0.0,7.7,0.0,0.0,9.2,100.0
H First Light Industrial,13.4,5.5,8.6,2.4,18.1,4.6,5.6,0.9,10.9,0.1,0.4,29.5,100.0
I Second Light Industrial,2.5,4.1,13.7,4.0,8.3,8.5,3.4,0.4,13.2,0.0,1.5,40.4,100.0
J Heavy Industrial,6.9,3.6,6.1,1.7,30.7,3.1,13.8,1.6,17.3,0.3,0.2,14.8,100.0
Residential (total),34.0,4.0,3.8,1.1,6.4,6.7,1.3,6.3,8.6,0.1,0.2,27.7,100.0
Commercial (total),11.6,6.3,17.2,4.9,11.5,4.9,1.4,0.6,8.3,0.1,0.6,32.6,100.0
Industrial (total),9.3,4.5,7.9,2.2,23.0,4.3,9.2,1.2,14.1,0.2,0.4,23.7,100.0
Unclassified in 1947 map (streets/bayous),23.4,4.3,7.4,4.1,8.2,3.2,3.4,0.8,8.5,0.1,0.2,36.3,100.0
All 1947 extent,25.7,4.3,6.0,1.8,10.8,5.8,3.3,4.3,9.9,0.1,0.3,27.7,100.0
