shift_ft,Residential_strict_pct_mean,Commercial_strict_pct_mean,Industrial_strict_pct_mean
0.0,57.82670577603229,37.70129169832594,52.118929729869954
250.0,56.772454484265076,32.7923085339239,51.08600072424815
500.0,55.19681887137138,27.34660671190061,48.922717658933934
750.0,53.84953962165268,24.012508532835476,46.87303881869943
1000.0,52.73186494415385,22.168945057544814,45.143894083633086
1250.0,51.931732438458965,21.51889070508771,43.629558618809725
1500.0,51.252182878689105,20.450993828077774,42.185627584963655
1750.0,50.68195769063255,19.743756112439307,40.922030762788644
2000.0,50.24316624670954,18.721613345249104,39.80497966044148
2250.0,49.86622636916787,17.96560031354243,38.9751258097718
2500.0,49.54714931782865,17.758884277080995,38.144072940861186
2750.0,49.28976526452452,17.31739899933369,37.210929483055125
3000.0,49.02412435251286,16.990887313655563,36.14772462887112
