gcps,n,model,loo_rmse,loo_max,cp_rmse,cp_max
gcps_frozen.csv,20,poly1,104.80376917009843,230.77551085215853,86.14347948228308,143.42021725708292
gcps_frozen.csv,20,poly2,74.14419448939239,157.63107252470638,44.9683883379321,115.07535136280482
gcps_frozen.csv,20,tps_s0,66.46756034461364,143.5887690622726,63.91270688400074,113.02018690788302
gcps_frozen.csv,20,tps_s0.0001,66.64678682769873,144.53506298763327,63.0913256699782,112.64913258413276
gcps_frozen.csv,20,tps_s0.001,67.92132012982373,151.3087550184888,57.58912363581375,110.14932427736095
gcps_frozen.csv,20,tps_s0.01,72.55977294373811,175.70131771881296,44.02159700811788,102.36950058273821
gcps_frozen_v2.csv,32,poly1,133.13564711562347,312.44756511101434,69.83821561649333,118.81951422192941
gcps_frozen_v2.csv,32,poly2,98.46226738108035,241.1614683059544,53.68625869838389,110.17283544762408
gcps_frozen_v2.csv,32,tps_s0,88.3821665024963,177.2450822738043,66.25508846085744,120.8575621505387
gcps_frozen_v2.csv,32,tps_s0.0001,87.76225543169181,175.45413470424268,66.03635371636217,120.95262764051786
gcps_frozen_v2.csv,32,tps_s0.001,87.46526644788739,188.0397864171729,63.7720706959699,120.84119024826883
gcps_frozen_v2.csv,32,tps_s0.01,91.17265514299285,200.59118349583485,54.56377818833052,115.83628294891002
