id,pixel_x,pixel_y,lon,lat,intersection
A,5068,3802,-95.3625469,29.7599603,Main/Texas
B,3330,3237,-95.3972640,29.7695446,Heights/Washington
C,2240,4789,-95.4187903,29.7423151,Kirby/Westheimer
D,4268,4955,-95.3785771,29.7397916,Main/Holman
E,3629,5852,-95.3909466,29.7243640,Main/Montrose
F,3303,1263,-95.3981024,29.8039710,Heights/W20th
G,8735,4880,-95.2887783,29.7407327,Navigation/75th
H,7748,6861,-95.3090789,29.7063893,Telephone/Griggs
I,4104,1650,-95.3819008,29.7974065,NMain/Airline
J,7000,4317,-95.3240076,29.7510968,Lockwood/Navigation
K,2720,3186,-95.4095002,29.7704621,Shepherd/Washington
M,2697,1275,-95.4101782,29.8038024,Shepherd/W20th
O,8054,4642,-95.3028725,29.7451675,Wayside/Navigation
P,5663,5818,-95.3505228,29.7247948,Scott/Holman
Q,1852,4383,-95.4265028,29.7496297,RiverOaks/DelMonte
R,2704,2045,-95.4098941,29.7905114,Shepherd/W11th
S,2646,5012,-95.4106930,29.7385540,Shepherd/WAlabama
T,5618,2464,-95.3514274,29.7833590,Hardy/Quitman
U,8388,8062,-95.2963533,29.6851439,Telephone/ParkPlace-LongDr
V,8680,8053,-95.2903630,29.6852638,Reveille/ParkPlace
