zone,zone_acres,parcel_acres,row_share_pct,neutral_acres,neutral_pct,denom_acres,strict_pct,cumulative_pct
A First Dwelling,11563.3,9019.8,22.0,1001.7,11.1,8018.1,52.3,82.3
B Second Dwelling,11929.3,8215.7,31.1,1007.6,12.3,7208.1,68.7,80.0
C First Apartment,5081.3,3555.5,30.0,426.5,12.0,3129.0,56.8,76.8
D Second Apartment,1970.5,1306.6,33.7,264.4,20.2,1042.2,28.2,54.4
E Local Business,2348.8,1619.7,31.0,189.3,11.7,1430.4,41.0,85.8
F Intermediate Business,1410.2,891.4,36.8,148.5,16.7,743.0,27.9,61.0
G Central Business,89.7,81.4,9.2,6.9,8.4,74.6,71.8,93.5
H First Light Industrial,5211.7,3674.5,29.5,586.1,16.0,3088.4,40.0,99.8
I Second Light Industrial,1098.0,654.8,40.4,161.6,24.7,493.2,26.2,99.9
J Heavy Industrial,5431.4,4626.2,14.8,951.3,20.6,3674.9,65.8,100.0
Residential (total),30544.4,22097.6,27.7,2700.3,12.2,19397.3,57.8,79.1
Commercial (total),3848.7,2592.6,32.6,344.7,13.3,2247.9,37.7,77.9
Industrial (total),11741.2,8955.5,23.7,1699.0,19.0,7256.6,52.1,99.9
