land use 2026,acres in 1947 extent,Residential,Commercial,Industrial,Unclassified
Single-Family Residential,12745.1,81.4,3.5,8.6,6.5
Multi-Family Residential,2128.4,56.9,11.3,24.6,7.1
Commercial,2999.2,38.2,22.0,31.0,8.8
Office,915.3,35.2,20.4,28.5,15.9
Industrial,5382.7,36.2,8.2,50.2,5.4
Public & Institutional,2860.1,71.7,6.6,17.7,3.9
Transportation & Utility,1647.8,24.1,3.3,65.4,7.3
Park & Open Spaces,2115.8,91.0,1.1,6.5,1.4
Undeveloped,4902.8,53.6,6.6,33.7,6.2
Agriculture Production,46.7,44.9,6.4,43.0,5.7
Unknown,150.3,48.0,15.6,31.5,4.9
